mode,time_car,cost_car,time_bus,cost_bus,age,income,marital_status
bus,24,3.41,37,3,27,26,single
bus,3,2.14,7,1,29,25,married
car,25,3.67,40,3,28,29,single
car,4,2.21,9,1,31,33,married
car,6,2.39,13,2,24,32,married
car,12,2.7,22,2,27,19,married
car,1,2.05,3,1,27,23,married
bus,2,2.04,2,1,26,25,single
car,4,2.22,5,2,31,21,married
car,21,3.53,38,3,29,20,single
car,4,2.22,5,2,27,26,single
car,17,3.36,28,3,28,23,married
car,17,3.17,34,3,31,33,married
bus,2,2.07,3,1,26,24,single
car,6,2.38,17,2,29,25,married
car,5,2.27,11,2,26,28,married
car,22,3.23,44,3,28,28,single
car,29,3.96,72,3,26,26,married
bus,3,2.16,5,1,26,27,single
car,7,2.37,17,2,30,27,single
bus,1,2.04,2,1,32,20,single
car,30,3.9,87,3,27,22,married
bus,1,2.02,1,1,30,24,married
bus,11,2.71,14,2,27,26,married
bus,4,2.2,9,1,27,21,single
car,2,2.08,3,1,28,27,single
car,23,3.31,52,3,26,24,married
bus,2,2.05,2,1,28,22,single
car,8,2.5,11,2,28,31,married
car,1,2.04,2,1,25,26,single
bus,4,2.21,7,1,25,25,married
car,5,2.29,10,2,28,23,married
car,18,3.05,43,3,26,22,single
car,1,2.04,2,1,25,27,single
car,1,2.02,2,1,26,32,married
car,4,2.22,6,2,29,23,single
car,4,2.19,10,2,30,25,married
car,4,2.14,5,1,33,17,single
bus,25,3.18,47,3,24,26,married
bus,29,3.67,52,3,28,24,married
car,1,2.05,2,1,30,31,single
car,5,2.34,13,2,26,23,married
car,3,2.15,4,1,28,23,married
car,25,3.32,60,3,27,31,married
car,2,2.07,3,1,28,22,single
car,26,3.66,64,3,30,28,married
car,3,2.15,6,1,32,28,single
car,15,2.69,38,2,30,29,single
car,29,3.85,65,3,28,27,married
car,1,2.04,3,1,29,28,married
bus,4,2.16,4,2,25,17,single
car,21,3.52,43,3,26,25,married
bus,4,2.17,6,1,25,27,single
car,8,2.58,13,2,27,21,single
car,22,3.35,40,3,27,24,married
car,27,3.37,54,3,26,29,single
car,8,2.57,10,2,27,34,married
car,9,2.66,12,2,25,28,married
bus,23,3.49,34,3,31,22,single
bus,3,2.12,6,1,27,28,single
bus,29,3.35,55,3,25,29,single
car,1,2.05,3,1,28,22,married
car,2,2.09,4,1,26,33,married
car,2,2.09,4,1,28,20,single
car,1,2.03,2,1,26,26,married
car,10,2.58,17,2,28,22,single
car,4,2.14,8,1,31,29,single
car,31,3.4,63,3,29,20,married
bus,12,2.54,33,2,26,26,single
bus,2,2.05,2,1,28,25,single
car,2,2.06,2,1,28,29,single
car,15,2.92,20,3,30,19,married
car,3,2.1,4,1,27,26,single
car,3,2.14,6,1,30,26,married
bus,2,2.06,3,1,27,23,single
bus,27,3.7,54,3,28,20,married
car,1,2.05,2,1,27,25,married
car,7,2.37,14,2,30,29,single
car,2,2.05,3,1,25,27,married
car,20,3.1,37,3,28,28,single
car,2,2.06,3,1,26,29,single
bus,2,2.09,3,1,26,22,married
car,2,2.07,3,1,25,32,married
car,1,2.02,1,1,29,24,single
car,25,3.63,48,3,27,28,single
car,2,2.06,3,1,25,23,married
car,2,2.06,3,1,25,22,single
car,3,2.16,7,1,28,24,single
car,16,2.92,34,2,26,27,single
car,4,2.21,5,2,28,27,married
bus,8,2.47,16,2,25,16,single
car,30,3.49,48,3,26,32,single
bus,1,2.03,1,1,28,22,married
car,15,2.67,33,2,29,27,single
bus,3,2.1,5,1,26,23,married
car,15,2.78,36,2,27,27,married
car,35,4.1,97,3,26,24,single
car,35,3.75,105,3,25,26,married
bus,23,3.28,32,3,27,21,married
bus,2,2.06,3,1,25,30,single
car,2,2.05,2,1,30,24,single
bus,17,3,26,3,25,22,married
car,26,3.53,48,3,27,29,married
car,5,2.25,7,2,26,29,married
bus,1,2.02,1,1,26,27,single
car,17,3.15,33,3,28,29,single
bus,1,2.01,1,1,26,21,married
bus,30,3.73,53,3,25,16,single
bus,3,2.09,3,1,25,27,married
bus,19,3.26,39,3,30,28,single
bus,3,2.12,6,1,28,25,single
car,15,3.12,18,3,30,22,single
car,6,2.36,9,2,27,24,married
bus,1,2.01,1,1,30,27,married
car,2,2.08,4,1,33,27,married
bus,10,2.65,14,2,32,29,single
bus,16,2.88,35,2,26,28,single
car,10,2.79,14,2,29,19,single
bus,12,2.69,21,2,24,29,single
car,16,2.97,27,3,27,33,married
car,4,2.2,8,2,28,27,married
bus,3,2.15,6,1,25,19,married
car,7,2.36,11,2,24,25,single
car,28,3.88,41,3,26,26,single
car,21,3.21,46,3,25,18,married
car,13,3.08,16,3,25,19,single
bus,2,2.08,4,1,26,28,married
bus,2,2.06,3,1,27,26,married
bus,15,2.75,23,2,26,25,married
car,2,2.07,3,1,26,26,married
bus,2,2.06,2,1,27,28,single
bus,3,2.14,5,1,29,21,single
bus,2,2.08,3,1,25,15,single
car,4,2.17,6,2,27,33,married
bus,18,3.14,37,2,30,23,married
bus,1,2.02,1,1,28,21,single
car,13,2.67,32,2,29,28,married
car,4,2.21,6,2,28,21,single
car,29,3.65,60,3,27,24,married
car,14,2.76,31,2,30,27,married
car,5,2.25,8,2,28,16,single
bus,2,2.07,3,1,27,21,married
bus,2,2.07,4,1,27,18,married
car,2,2.04,2,1,26,30,married
car,2,2.09,3,1,27,29,married
car,7,2.34,18,2,27,23,married
bus,1,2.01,1,1,25,27,married
car,2,2.09,4,1,25,26,single
car,2,2.05,3,1,28,26,single
car,32,3.54,84,3,25,22,single
bus,2,2.1,3,1,27,18,single
bus,11,2.67,15,2,28,23,married
car,27,3.58,54,3,30,28,married
bus,1,2.03,1,1,25,18,married
bus,26,4.01,44,3,26,25,married
car,13,2.59,34,2,27,27,married
bus,7,2.45,8,2,27,30,single
bus,12,2.72,19,2,25,27,single
car,6,2.36,7,2,26,26,married
bus,2,2.06,3,1,28,27,married
car,2,2.07,4,1,29,20,single
bus,13,2.72,27,2,27,24,single
bus,9,2.66,12,2,27,20,single
car,2,2.06,3,1,25,19,single
car,4,2.19,8,2,27,21,married
bus,1,2.03,2,1,25,18,single
car,10,2.79,18,2,26,27,married
car,4,2.19,8,2,27,23,single
car,4,2.19,8,1,27,30,married
bus,5,2.35,10,2,26,20,single
car,4,2.24,6,2,26,20,married
bus,1,2.04,2,1,26,26,married
car,2,2.08,5,1,28,32,married
bus,24,3.4,38,3,29,21,single
bus,4,2.18,5,1,26,20,single
bus,1,2.01,1,1,25,20,single
car,10,2.47,20,2,26,26,married
car,4,2.24,9,2,25,23,single
bus,12,2.94,15,3,26,28,married
bus,2,2.08,3,1,27,26,married
car,14,2.99,19,3,26,24,single
car,12,2.59,32,2,27,23,single
car,6,2.36,12,2,24,27,single
car,30,3.69,62,3,27,28,single
bus,17,2.9,30,2,29,27,married
car,7,2.51,9,2,27,29,single
bus,1,2.03,2,1,28,21,married
car,23,3.42,45,3,28,28,married
car,11,2.68,19,2,28,23,married
bus,1,2.03,2,1,28,27,married
bus,2,2.11,4,1,26,19,married
bus,2,2.07,3,1,27,24,married
bus,4,2.22,7,1,28,26,married
car,1,2.04,2,1,24,22,married
car,1,2.04,2,1,26,27,married
bus,1,2.03,2,1,30,23,married
car,7,2.4,13,2,30,24,married
car,2,2.1,5,1,30,30,married
bus,2,2.05,3,1,27,21,married
car,31,3.63,65,3,25,20,single
car,3,2.13,6,1,28,26,single
bus,3,2.16,5,1,26,17,married
bus,4,2.21,7,1,32,18,single
bus,2,2.08,3,1,26,29,single
bus,3,2.13,5,1,27,22,married
bus,2,2.06,2,1,27,27,single
car,4,2.27,10,2,26,25,married
car,22,3.17,44,3,29,32,married
car,14,2.82,28,2,27,31,single
bus,1,2.04,2,1,28,27,married
bus,16,3.36,25,3,28,21,married
car,1,2.02,1,1,26,30,married
car,7,2.44,8,2,29,27,single
car,28,3.32,58,3,26,28,single
bus,5,2.34,13,2,27,20,single
car,15,2.75,41,2,29,26,married
car,1,2.03,1,1,26,29,single
car,4,2.23,8,2,24,25,single
car,7,2.42,13,2,28,31,married
bus,19,3.46,29,3,28,30,married
bus,8,2.55,13,2,29,24,married
car,4,2.23,8,2,27,33,single
bus,1,2.05,3,1,25,27,married
bus,24,3.34,39,3,27,22,married
car,4,2.27,8,2,25,22,single
bus,2,2.08,3,1,27,30,single
car,11,2.58,18,2,32,25,married
bus,19,2.88,31,2,30,28,married
car,4,2.2,9,1,25,26,married
bus,1,2.01,1,1,28,22,single
car,11,2.68,24,2,29,27,married
bus,2,2.1,4,1,26,24,married
bus,3,2.13,6,1,26,24,single
bus,35,3.77,64,3,27,24,married
car,23,3.48,39,3,26,31,married
bus,3,2.13,5,1,26,28,single
bus,21,3.33,32,3,28,32,married
bus,23,3.94,38,3,29,23,married
bus,3,2.14,5,1,27,18,single
car,2,2.08,4,1,26,29,married
bus,3,2.16,7,1,26,25,married
bus,4,2.17,6,2,31,28,single
bus,2,2.07,4,1,29,25,single
bus,29,3.94,56,3,29,21,single
bus,2,2.06,2,1,25,18,married
car,1,2.02,1,1,25,30,married
bus,37,3.88,62,3,29,24,married
car,2,2.05,2,1,27,18,single
car,4,2.26,6,2,31,32,single
bus,4,2.23,11,2,24,25,single
car,37,3.65,98,3,26,27,married
car,1,2.01,1,1,31,31,married
car,17,3.09,32,3,26,25,married
car,19,3.21,43,3,27,31,single
bus,2,2.06,3,1,25,19,married
car,4,2.22,8,2,32,24,single
bus,3,2.1,4,1,26,25,single
bus,9,2.66,13,2,28,19,married
car,15,2.82,27,2,28,32,single
bus,2,2.05,3,1,28,20,married
bus,10,2.53,15,2,26,22,single
car,4,2.25,8,2,31,26,married
car,2,2.05,2,1,24,24,single
car,31,3.94,77,3,28,22,married
car,2,2.05,2,1,25,21,single
bus,3,2.11,5,1,25,27,married
bus,21,3.65,27,3,28,20,single
bus,2,2.06,2,1,31,21,married
car,10,2.66,21,2,34,23,married
bus,16,2.96,41,2,26,20,single
car,5,2.32,13,2,24,36,married
bus,1,2.02,1,1,27,23,married
car,6,2.44,17,2,27,32,single
car,13,2.66,32,2,26,23,married
bus,4,2.21,6,2,26,19,married
bus,19,3.7,22,3,28,25,married
car,30,3.78,77,3,27,13,married
bus,19,3.67,23,3,27,23,single
bus,1,2.06,3,1,28,33,single
bus,8,2.52,17,2,25,23,single
bus,3,2.19,5,1,26,27,single
bus,1,2.03,1,1,26,28,married
bus,9,2.64,19,2,28,28,single
car,7,2.55,11,2,31,26,married
bus,15,2.74,29,2,27,27,single
bus,19,3.59,24,3,26,22,married
car,19,2.94,42,3,25,22,married
car,15,2.93,32,2,31,30,married
car,7,2.36,9,2,25,24,single
car,2,2.1,4,1,30,27,married
car,3,2.09,6,1,25,20,single
bus,3,2.14,5,1,27,25,married
bus,19,3.61,22,3,32,23,married
car,4,2.22,8,2,26,21,married
car,3,2.1,5,1,26,30,single
car,2,2.09,3,1,30,33,married
bus,4,2.17,8,1,26,30,single
bus,2,2.05,2,1,26,17,married
car,3,2.1,6,1,25,32,married
car,6,2.4,16,2,25,35,single
car,23,3.26,44,3,26,22,single
bus,21,3.06,31,3,27,22,married
car,15,2.94,30,2,26,34,married
bus,12,2.73,24,2,26,14,single
car,2,2.06,3,1,23,23,married
car,21,3.16,46,3,27,25,single
car,4,2.22,5,2,26,20,single
bus,1,2.06,3,1,30,24,single
bus,23,3.83,30,3,27,29,married
car,15,2.68,29,2,25,29,single
car,14,2.86,22,3,27,26,married
car,31,4.04,74,3,27,30,married
car,12,2.63,28,2,29,26,married
bus,2,2.1,4,1,25,22,married
car,28,3.92,60,3,27,25,single
bus,3,2.14,5,1,26,19,single
bus,22,3.56,30,3,27,28,single
car,11,2.64,19,2,31,21,married
bus,3,2.17,6,1,27,23,married
bus,24,3.33,41,3,29,24,married
bus,3,2.1,5,1,25,22,married
car,2,2.12,5,1,28,34,single
bus,2,2.07,4,1,25,32,single
car,30,3.51,56,3,27,26,single
bus,15,2.78,33,2,27,24,single
bus,12,2.6,22,2,27,24,single
bus,2,2.08,4,1,26,17,married
bus,2,2.05,2,1,27,25,married
car,17,3.09,34,3,28,32,single
bus,1,2.03,1,1,27,28,married
car,4,2.22,5,1,28,22,single
car,3,2.13,3,1,26,26,single
car,3,2.16,4,1,28,23,married
car,15,2.85,37,2,30,27,married
bus,25,3.7,35,3,26,19,married
car,23,3.4,49,3,28,29,single
car,4,2.23,10,2,29,21,single
car,16,2.79,42,2,26,25,single
bus,29,3.77,44,3,25,20,married
car,5,2.26,9,2,26,30,single
bus,5,2.36,10,2,33,24,married
car,11,2.58,24,2,24,26,single
car,28,3.22,74,3,29,20,married
bus,3,2.12,4,1,28,25,married
car,12,2.77,19,2,25,31,single
car,3,2.11,6,1,28,23,married
bus,28,3.51,44,3,30,28,single
car,1,2.04,2,1,26,30,married
bus,1,2.02,1,1,25,29,married
car,2,2.08,2,1,26,25,single
car,1,2.03,2,1,28,26,married
car,3,2.1,3,1,26,25,married
car,5,2.27,11,2,25,27,married
car,1,2.04,2,1,26,27,single
bus,2,2.05,2,1,26,22,married
bus,1,2.04,2,1,24,23,single
bus,11,2.79,18,2,27,19,single
bus,4,2.26,9,2,27,29,single
bus,2,2.09,3,1,28,18,single
car,22,3.47,34,3,25,22,single
car,3,2.11,5,1,29,31,single
car,4,2.16,5,2,31,26,single
car,1,2.03,2,1,26,21,married
car,23,3.26,58,3,28,35,single
car,3,2.12,7,1,27,26,single
car,11,2.53,20,2,28,26,married
bus,3,2.09,5,1,24,29,married
car,38,3.93,95,3,25,35,single
car,21,3.13,31,3,25,30,single
car,6,2.36,17,2,25,26,single
car,5,2.28,15,2,31,30,married
car,28,3.42,66,3,31,34,married
bus,33,3.92,67,3,26,26,single
bus,22,3.18,38,3,26,23,single
car,27,3.72,49,3,30,27,married
car,7,2.39,14,2,36,28,married
car,4,2.2,7,2,25,28,single
bus,1,2.02,1,1,25,23,married
bus,2,2.07,2,1,34,23,married
car,21,3.29,56,3,25,25,married
car,25,3.33,41,3,27,25,married
bus,2,2.1,3,1,30,15,married
bus,3,2.12,5,1,28,22,married
car,5,2.3,9,2,27,20,married
bus,2,2.07,3,1,29,24,single
bus,4,2.16,7,1,27,23,married
car,4,2.2,6,1,24,30,married
bus,24,3.87,35,3,28,28,single
car,28,3.37,57,3,27,20,married
car,4,2.21,5,2,26,22,married
bus,2,2.06,3,1,27,26,single
car,26,3.29,48,3,31,20,married
car,21,3.16,40,3,28,28,married
car,26,3.34,52,3,26,19,single
car,2,2.1,4,1,27,21,married
bus,5,2.37,6,2,29,23,single
bus,25,3.58,45,3,27,22,married
bus,3,2.18,6,1,30,27,single
car,14,2.74,27,2,27,25,single
bus,1,2.04,2,1,25,28,single
car,16,3.05,35,3,26,28,single
bus,3,2.19,7,1,29,30,single
bus,20,3.44,24,3,28,29,single
car,1,2.02,1,1,28,27,married
car,4,2.18,7,2,26,23,single
bus,14,3.03,17,3,32,28,married
car,13,2.74,21,2,27,28,single
bus,3,2.13,4,1,29,25,married
car,13,2.92,20,3,29,22,married
car,6,2.27,11,2,26,30,single
car,2,2.08,5,1,28,27,married
car,7,2.46,10,2,24,28,single
bus,12,2.67,21,2,26,21,single
bus,1,2.03,2,1,25,26,single
bus,3,2.17,8,1,31,23,married
car,12,2.61,27,2,29,29,married
car,18,3.02,30,3,29,17,married
car,3,2.14,6,1,25,28,married
car,6,2.38,16,2,26,24,married
bus,8,2.49,14,2,27,30,single
bus,3,2.11,4,1,28,22,married
car,10,2.58,18,2,26,30,married
bus,3,2.16,5,1,26,23,married
car,4,2.19,4,2,26,30,married
bus,22,3.63,36,3,26,27,married
car,7,2.45,18,2,26,33,single
car,3,2.13,6,1,29,16,single
car,38,3.66,92,3,27,27,married
bus,4,2.16,5,1,27,26,married
car,9,2.62,18,2,28,19,single
car,17,2.78,48,2,28,30,single
bus,3,2.11,4,1,28,27,single
bus,2,2.07,3,1,27,21,married
car,3,2.11,4,1,30,31,married
car,2,2.05,3,1,24,25,single
bus,2,2.08,4,1,27,24,single
bus,26,3.63,44,3,26,24,married
bus,1,2.02,1,1,25,26,single
car,27,3.47,55,3,28,22,married
bus,3,2.14,5,1,25,24,married
car,20,3.02,42,3,30,19,married
bus,13,2.75,21,2,26,29,married
car,6,2.34,12,2,25,25,married
car,2,2.07,3,1,29,30,single
car,2,2.06,3,1,27,27,single
bus,3,2.18,5,1,35,19,married
bus,1,2.05,2,1,27,23,married
bus,17,3.29,19,3,26,32,single
bus,1,2.04,2,1,33,29,married
bus,22,3.53,32,3,26,21,married
car,1,2.02,2,1,24,21,single
bus,2,2.05,3,1,24,27,single
bus,4,2.16,6,1,23,25,single
car,5,2.3,11,2,28,22,single
car,37,4.18,88,3,25,24,single
car,2,2.06,2,1,27,22,married
car,19,3.14,32,3,26,19,single
car,19,3.15,48,3,27,22,married
car,1,2.04,2,1,30,28,married
car,32,3.44,59,3,27,27,married
bus,1,2.03,1,1,35,25,married
car,29,4.09,62,3,30,27,married
bus,1,2.02,1,1,26,15,married
car,1,2.01,1,1,28,27,married
bus,2,2.11,5,1,29,24,married
bus,2,2.05,3,1,31,27,married
car,10,2.66,21,2,27,27,married
car,4,2.27,8,2,29,21,single
car,1,2.04,2,1,30,34,married
car,5,2.26,8,2,30,18,married
bus,2,2.08,4,1,25,30,single
bus,9,2.49,16,2,25,34,married
bus,2,2.09,4,1,28,25,married
car,2,2.08,3,1,32,28,married
bus,23,3.89,34,3,26,25,married
bus,3,2.14,4,1,27,21,single
bus,10,2.69,14,2,26,27,married
car,15,2.94,29,2,28,29,single
bus,2,2.07,2,1,28,25,married
bus,5,2.38,10,2,26,21,married
car,8,2.45,11,2,28,24,single
car,18,2.98,49,2,24,30,married
bus,3,2.19,6,1,27,20,single
bus,1,2.01,1,1,26,27,single
car,1,2.01,1,1,25,34,married
bus,9,2.45,12,2,24,20,married
car,29,3.33,75,3,25,28,single
car,2,2.06,2,1,30,27,married
bus,25,3.83,36,3,29,19,single
bus,4,2.18,7,1,27,27,single
car,19,2.95,37,3,28,29,married
car,2,2.06,2,1,27,27,married
car,17,3.08,35,3,30,22,single
car,24,3.28,47,3,29,19,married
bus,2,2.07,4,1,31,24,married
car,2,2.08,4,1,27,28,single
car,4,2.17,5,1,24,27,single
car,12,2.57,24,2,25,19,married
car,3,2.12,5,1,27,28,single
bus,9,2.62,13,2,25,24,single
car,1,2.03,1,1,28,26,married
bus,15,3.02,20,3,26,26,single
bus,2,2.07,2,1,29,28,single
car,1,2.02,1,1,29,26,married
bus,1,2.06,3,1,28,29,single
bus,23,3.89,28,3,27,24,single
bus,1,2.03,2,1,27,24,married
car,6,2.44,19,2,25,25,married
car,5,2.3,14,2,26,27,married
car,1,2.05,3,1,25,30,single
car,17,3.05,35,2,26,30,single
car,3,2.15,7,1,29,28,married
bus,1,2.03,2,1,26,29,single
bus,1,2.02,1,1,26,14,single
bus,24,3.46,40,3,25,26,married
car,1,2.02,1,1,28,18,single
car,4,2.21,7,2,28,20,married
car,11,2.65,21,2,27,22,single
car,1,2.03,1,1,26,23,single
car,2,2.08,4,1,26,23,married
bus,29,3.62,43,3,29,29,single
bus,2,2.09,3,1,29,23,married
car,7,2.44,13,2,25,34,married
bus,21,3.37,25,3,29,23,married
car,30,3.56,76,3,27,24,single
car,1,2.03,1,1,27,27,single
car,14,2.95,18,3,26,24,married
car,6,2.33,9,2,26,27,single
bus,1,2.03,1,1,31,20,married
bus,1,2.01,1,1,25,18,married
car,3,2.15,5,1,24,23,single
car,27,3.74,64,3,28,28,single
car,9,2.6,17,2,27,25,single
car,3,2.16,7,1,28,21,married
bus,4,2.21,8,1,25,30,married
car,1,2.04,2,1,29,31,married
bus,2,2.07,5,1,26,26,single
bus,1,2.02,1,1,25,22,married
car,25,3.39,47,3,25,30,married
car,16,2.86,25,3,26,20,married
bus,1,2.01,1,1,29,24,married
car,27,3.43,49,3,23,27,single
car,5,2.31,11,2,27,23,single
car,4,2.18,8,1,23,27,married
car,15,2.66,38,2,28,25,married
car,19,3.04,33,3,25,26,married
car,2,2.07,2,1,25,24,single
car,8,2.54,14,2,26,22,married
bus,2,2.07,2,1,29,22,single
bus,16,3.08,23,2,26,24,single
car,16,3.26,27,3,26,27,single
bus,2,2.1,3,1,24,29,single
bus,12,2.95,16,2,26,22,married
bus,3,2.11,5,1,30,24,single
bus,2,2.08,4,1,27,21,single
car,11,2.62,18,2,26,29,married
car,7,2.38,16,2,24,30,married
car,9,2.66,13,2,24,32,married
car,9,2.54,14,2,26,35,single
bus,1,2.04,2,1,28,22,married
car,22,3.15,43,3,26,18,married
car,23,3.41,44,3,30,27,married
car,34,3.78,60,3,30,26,single
bus,12,2.64,27,2,24,27,single
car,10,2.55,17,2,28,25,married
car,4,2.2,7,2,28,24,single
car,10,2.64,22,2,25,22,single
car,19,3.52,33,3,28,30,single
car,2,2.05,4,1,29,33,married
car,2,2.08,3,1,27,33,single
bus,5,2.26,6,2,26,29,single
car,27,3.47,53,3,25,20,married
bus,14,2.6,25,2,27,31,married
car,1,2.04,2,1,26,32,married
car,15,2.89,22,3,29,22,married
car,3,2.11,4,1,24,28,single
bus,1,2.04,2,1,34,26,married
bus,1,2.04,2,1,26,23,single
car,18,2.87,50,2,25,26,married
bus,3,2.14,4,1,28,25,married
bus,1,2.02,2,1,25,24,married
car,3,2.11,3,1,26,29,single
bus,3,2.11,4,1,27,26,single
bus,11,2.86,13,2,30,22,married
bus,3,2.14,5,1,28,28,single
bus,2,2.07,3,1,27,28,married
car,26,3.96,55,3,27,28,married
bus,26,3.44,50,3,27,27,married
car,2,2.08,3,1,29,24,married
car,5,2.33,13,2,27,19,single
bus,19,3.16,28,3,25,16,married
bus,4,2.2,6,2,30,24,single
bus,3,2.11,5,1,27,24,single
car,9,2.44,24,2,33,21,married
bus,2,2.07,3,1,30,19,married
car,4,2.18,8,2,28,16,single
car,13,2.69,21,2,32,31,single
bus,1,2.03,1,1,25,16,married
car,4,2.25,9,2,27,18,single
car,4,2.18,8,1,24,28,single
bus,2,2.06,2,1,28,26,single
bus,11,2.87,13,2,27,23,married
bus,14,2.97,22,2,28,29,single
car,1,2.02,1,1,28,26,single
bus,3,2.09,3,1,26,21,married
car,4,2.19,7,1,32,26,married
car,6,2.42,14,2,27,25,single
bus,2,2.05,3,1,25,23,married
car,3,2.13,4,1,28,25,single
bus,1,2.02,1,1,30,14,single
bus,15,2.89,24,2,25,29,married
bus,1,2.02,1,1,25,20,single
car,3,2.1,4,1,26,29,married
car,4,2.19,6,2,27,22,single
bus,2,2.08,3,1,26,28,married
car,3,2.15,4,1,28,32,single
bus,2,2.1,3,1,27,23,single
car,3,2.14,7,1,26,32,single
car,6,2.39,10,2,29,32,married
bus,2,2.07,3,1,27,17,married
bus,3,2.15,8,1,28,24,single
bus,3,2.17,9,1,29,20,married
car,4,2.2,6,2,25,28,married
car,20,3.2,34,3,26,26,married
bus,5,2.33,9,2,26,16,married
bus,3,2.16,6,1,26,33,single
car,7,2.43,10,2,26,18,single
bus,20,3.65,25,3,27,31,married
car,11,2.72,23,2,26,26,married
bus,3,2.12,6,1,26,20,married
car,2,2.06,2,1,27,26,single
car,4,2.18,5,2,27,37,married
bus,1,2,1,1,25,27,single
car,36,4.01,90,3,25,23,single
bus,11,2.62,16,2,27,28,married
car,3,2.1,5,1,28,20,single
bus,2,2.1,4,1,28,25,married
bus,20,3.55,26,3,27,26,single
car,7,2.48,15,2,25,19,single
bus,2,2.07,3,1,27,18,single
bus,2,2.07,3,1,28,29,married
bus,1,2.04,2,1,29,24,married
car,6,2.38,15,2,30,24,married
car,27,3.53,64,3,25,32,married
car,5,2.29,9,2,26,24,single
bus,1,2.04,3,1,28,24,married
car,15,3.1,21,3,26,21,single
bus,2,2.08,4,1,26,21,single
bus,7,2.49,10,2,31,27,single
bus,21,3.32,33,3,30,28,married
bus,1,2.03,2,1,29,21,married
bus,2,2.08,3,1,24,22,single
car,4,2.2,7,2,26,27,married
car,2,2.05,2,1,24,31,married
car,2,2.11,5,1,24,30,single
bus,3,2.14,8,1,27,23,single
car,1,2.02,1,1,25,21,single
car,24,3.32,50,3,29,27,single
car,5,2.31,9,2,28,21,single
bus,18,2.95,30,3,29,24,single
bus,19,3.09,32,3,27,23,married
car,1,2.02,1,1,26,31,married
car,19,3.03,31,3,32,26,married
bus,2,2.12,3,1,27,27,single
car,8,2.42,12,2,27,26,married
car,3,2.15,4,1,27,24,married
car,4,2.25,9,2,28,21,married
car,34,3.87,92,3,27,20,single
bus,14,2.99,17,3,26,33,single
car,19,3.28,31,3,26,33,married
car,9,2.71,14,2,27,26,single
car,5,2.28,11,2,25,29,single
car,2,2.06,3,1,29,22,single
car,20,2.95,42,3,29,34,single
car,8,2.43,11,2,26,23,married
bus,4,2.19,8,1,26,29,single
bus,21,3.5,26,3,24,25,single
bus,2,2.07,4,1,26,16,married
bus,5,2.25,8,2,26,23,single
bus,22,3.44,51,3,26,22,single
bus,3,2.15,6,1,27,17,single
bus,16,3.19,21,3,25,20,married
car,6,2.43,15,2,28,24,married
car,3,2.12,6,1,25,21,married
car,1,2.04,2,1,28,27,married
car,4,2.23,11,2,30,23,single
bus,1,2.02,1,1,29,20,single
car,4,2.17,5,2,26,30,married
bus,20,3.27,29,3,27,26,single
car,6,2.42,9,2,26,23,single
bus,2,2.09,4,1,28,29,single
car,9,2.48,17,2,26,30,single
car,10,2.5,23,2,24,32,married
car,3,2.12,6,1,28,24,single
car,5,2.31,12,2,27,28,married
car,3,2.11,6,1,27,20,married
bus,1,2.03,2,1,27,21,married
car,4,2.23,6,2,26,25,married
bus,28,3.54,39,3,28,17,single
bus,3,2.12,4,1,24,22,single
bus,1,2.01,1,1,27,20,married
car,24,3.35,54,3,27,27,married
car,8,2.56,14,2,24,24,married
car,4,2.18,8,2,26,25,single
car,4,2.2,8,2,27,32,married
bus,1,2.02,2,1,32,19,married
bus,1,2.02,1,1,26,22,married
car,16,2.95,30,3,27,18,married
bus,5,2.32,11,2,26,17,single
car,1,2.01,1,1,26,22,married
car,6,2.35,12,2,26,35,single
car,1,2.03,2,1,29,18,married
bus,2,2.05,2,1,28,25,married
car,6,2.32,8,2,27,23,married
car,26,3.54,45,3,25,23,married
bus,27,3.79,45,3,27,20,married
car,30,3.66,68,3,25,29,single
bus,2,2.07,2,1,27,22,married
bus,17,3.3,21,3,26,19,single
car,20,3.13,42,3,27,35,single
car,1,2.03,2,1,29,26,single
bus,34,4.15,65,3,27,22,married
car,3,2.11,6,1,27,22,single
car,5,2.26,14,2,29,29,married
car,26,3.58,54,3,36,26,single
car,13,3.02,18,3,26,26,single
car,4,2.23,9,1,25,22,single
bus,1,2.01,1,1,28,20,married
car,3,2.11,5,1,33,28,single
car,26,3.2,70,3,25,22,married
bus,14,2.82,25,2,25,18,married
bus,17,3.01,34,2,27,25,single
car,25,3.29,50,3,26,26,married
bus,12,2.74,21,2,26,24,married
car,15,2.83,35,2,26,21,married
bus,2,2.11,3,1,26,23,married
car,16,3.07,26,3,24,27,single
bus,1,2.04,2,1,28,28,married
bus,22,3.74,24,3,25,26,single
car,14,3,27,3,28,22,single
car,1,2.02,1,1,30,23,married
car,10,2.49,15,2,25,21,married
bus,4,2.22,6,1,29,20,single
bus,24,3.77,36,3,30,20,single
car,7,2.48,13,2,25,26,single
car,4,2.18,7,1,26,27,single
car,4,2.27,6,2,25,25,married
bus,12,2.76,19,2,31,24,married
car,2,2.06,3,1,27,31,married
bus,22,3.48,31,3,25,29,single
car,7,2.48,15,2,31,20,single
bus,16,2.74,38,2,28,26,single
car,1,2.01,1,1,28,28,single
bus,30,3.97,44,3,25,21,married
car,20,3.21,46,3,26,23,single
car,1,2.03,2,1,25,24,married
car,6,2.32,8,2,34,19,married
car,2,2.09,4,1,26,23,single
car,22,3.5,35,3,27,18,single
car,4,2.16,8,1,27,30,married
car,4,2.26,9,2,32,25,married
bus,1,2.01,1,1,25,22,single
car,2,2.09,5,1,25,30,married
car,3,2.11,4,1,25,23,married
car,3,2.12,6,1,28,28,single
car,9,2.59,18,2,26,28,married
bus,12,2.51,19,2,26,15,married
bus,2,2.07,2,1,31,27,single
car,2,2.06,3,1,26,29,single
car,1,2.01,1,1,27,30,married
car,1,2.05,2,1,25,19,single
car,7,2.38,16,2,25,16,single
bus,1,2.02,1,1,26,18,married
car,4,2.14,7,1,28,25,single
car,22,3.18,61,3,28,26,married
bus,2,2.06,4,1,25,21,married
car,4,2.2,5,2,28,24,single
car,3,2.18,8,1,28,32,married
bus,3,2.13,3,1,25,24,married
car,26,3.65,52,3,28,35,married
car,6,2.41,11,2,29,32,single
bus,2,2.08,4,1,23,27,single
bus,6,2.32,8,2,25,37,married
car,2,2.06,2,1,27,25,married
car,5,2.22,12,2,26,30,married
bus,18,3.46,29,3,26,32,single
car,4,2.18,8,2,30,24,single
car,14,2.85,20,3,27,29,single
car,12,2.66,19,2,25,25,single
car,4,2.23,7,2,30,27,single
bus,2,2.06,4,1,32,31,single
car,9,2.53,14,2,24,25,married
car,1,2.04,2,1,26,25,married
bus,16,3.14,24,3,28,26,single
bus,2,2.09,3,1,27,31,single
car,3,2.16,7,1,30,26,single
car,6,2.37,9,2,27,31,married
bus,32,3.64,60,3,27,25,single
bus,9,2.61,11,2,31,24,married
car,4,2.22,9,2,29,27,married
car,20,3.24,35,3,35,22,married
car,4,2.18,9,2,27,24,single
bus,4,2.2,4,1,29,21,married
bus,25,3.64,41,3,29,24,married
bus,7,2.39,15,2,29,24,married
car,4,2.28,7,2,25,17,married
car,16,3.03,22,3,29,21,married
bus,12,2.89,18,2,29,19,married
bus,2,2.08,4,1,28,29,single
car,23,3.49,56,3,27,25,single
bus,1,2.03,2,1,25,25,married
car,9,2.73,12,2,25,28,single
bus,24,3.77,36,3,29,28,married
car,2,2.04,2,1,25,30,married
bus,1,2.03,1,1,28,24,single
bus,2,2.09,4,1,28,29,single
car,5,2.28,9,2,25,25,married
car,25,3.46,44,3,28,25,single
car,5,2.27,12,2,28,25,married
car,1,2.04,2,1,26,26,married
car,5,2.32,9,2,26,22,single
car,15,3.2,27,3,26,24,married
car,3,2.12,7,1,26,25,single
car,2,2.09,4,1,27,17,married
car,25,3.27,69,3,28,23,single
car,14,2.75,36,2,28,24,married
bus,11,2.72,22,2,28,23,single
car,4,2.23,10,2,25,29,single
car,2,2.09,3,1,27,28,married
bus,27,3.5,38,3,27,31,married
car,5,2.31,12,2,28,32,married
bus,36,4.12,66,3,24,23,married
bus,5,2.27,6,2,27,19,single
car,16,3.16,19,3,26,25,single
car,3,2.13,5,1,28,21,married
bus,1,2.02,1,1,27,23,married
bus,10,2.75,16,2,25,22,single
bus,2,2.09,3,1,23,21,married
bus,1,2.04,2,1,27,25,married
car,10,2.66,18,2,26,33,single
car,26,3.5,42,3,27,25,single
bus,1,2.04,2,1,29,30,single
bus,2,2.07,3,1,32,16,married
bus,2,2.08,5,1,29,28,married
car,7,2.42,16,2,31,26,married
car,7,2.43,11,2,29,25,married
bus,24,3.55,35,3,31,27,married
car,4,2.21,5,2,25,29,married
bus,31,3.9,46,3,30,27,married
car,13,2.71,23,2,27,28,married
car,2,2.06,3,1,27,26,married
bus,22,3.31,32,3,25,26,single
car,3,2.11,3,1,26,32,single
car,17,3.16,23,3,30,22,married
bus,3,2.15,6,1,24,28,single
bus,1,2.01,1,1,26,27,single
car,14,2.81,23,3,25,25,married
car,7,2.38,11,2,27,24,single
car,3,2.11,4,1,25,31,single
car,4,2.25,9,2,28,22,single
car,4,2.19,6,2,27,28,married
bus,3,2.13,3,1,27,27,single
bus,2,2.07,4,1,27,30,married
car,20,3.05,44,3,26,24,single
car,1,2.01,1,1,27,22,single
bus,3,2.11,5,1,25,26,single
car,4,2.17,5,2,26,25,single
bus,23,3.52,37,3,31,23,single
car,33,3.5,77,3,31,28,married
car,5,2.28,11,2,26,31,married
car,7,2.46,20,2,27,20,single
car,10,2.65,19,2,27,26,single
car,1,2.02,1,1,28,29,single
car,1,2.03,2,1,30,29,married
bus,9,2.65,14,2,24,23,single
car,2,2.06,3,1,27,28,married
car,31,3.39,85,3,29,25,married
car,8,2.63,16,2,27,30,married
bus,39,4.91,70,3,26,20,single
bus,2,2.07,3,1,28,27,single
bus,2,2.08,4,1,28,27,married
car,8,2.45,15,2,27,33,single
car,7,2.52,10,2,27,22,single
car,30,4.05,71,3,29,24,single
car,22,3.26,42,3,23,22,married
bus,4,2.16,8,1,29,28,single
car,1,2.04,2,1,30,28,married
car,30,4.16,59,3,29,30,single
car,34,3.95,86,3,28,24,married
bus,1,2.03,2,1,27,23,single
car,4,2.17,9,1,25,25,married
car,10,2.56,23,2,25,28,married
car,3,2.14,6,1,24,22,single
car,2,2.08,4,1,27,24,married
car,26,3.51,50,3,28,29,married
bus,3,2.15,5,1,29,19,married
car,5,2.3,7,2,26,22,married
bus,7,2.5,9,2,30,27,married
bus,32,3.68,57,3,27,22,single
car,26,3.45,64,3,29,20,married
car,1,2.02,2,1,30,19,married
car,12,2.73,20,2,28,28,married
car,5,2.37,14,2,25,28,married
bus,3,2.19,5,1,26,24,single
car,6,2.39,9,2,27,19,single
car,27,3.56,60,3,30,22,single
bus,26,3.66,50,3,26,29,single
bus,21,3.62,24,3,27,24,married
car,2,2.06,2,1,25,22,single
car,6,2.3,14,2,25,31,single
car,3,2.18,6,1,29,19,single
car,5,2.23,7,2,27,21,married
car,2,2.08,3,1,24,35,single
bus,12,2.67,24,2,30,24,married
car,30,3.37,85,3,28,22,married
bus,31,3.65,54,3,29,21,married
car,6,2.34,8,2,26,22,married
car,23,3.44,55,3,27,21,single
car,10,2.67,19,2,26,24,single
bus,8,2.49,10,2,29,25,married
car,1,2.04,2,1,27,25,single
car,21,3.24,33,3,26,26,married
car,1,2.03,2,1,27,23,married
bus,2,2.09,4,1,28,25,married
car,9,2.53,18,2,29,24,single
car,4,2.3,8,2,27,26,single
car,6,2.32,7,2,28,33,married
bus,19,3.34,27,3,28,24,married
bus,16,2.78,29,2,28,24,single
car,9,2.47,14,2,28,28,single
car,13,2.67,38,2,27,34,single
car,2,2.05,2,1,29,21,single
car,6,2.39,15,2,27,26,married
car,5,2.27,11,2,29,29,married
bus,1,2.04,2,1,29,19,married
bus,23,3.4,39,3,27,26,married
bus,20,3.8,26,3,26,24,married
bus,4,2.18,6,1,24,23,single
bus,1,2.03,2,1,26,29,single
bus,13,2.76,25,2,29,18,single
car,1,2.03,2,1,28,21,married
car,30,3.82,60,3,26,27,single
bus,2,2.07,4,1,26,29,single
bus,3,2.13,7,1,26,28,single
bus,2,2.06,3,1,26,23,single
bus,3,2.1,6,1,30,28,single
car,5,2.3,10,2,26,19,single
car,12,3.04,15,2,27,27,single
car,4,2.18,5,2,24,23,single
car,19,2.98,43,3,28,29,married
bus,1,2.02,1,1,27,19,married
bus,3,2.12,5,1,27,27,single
bus,3,2.1,5,1,27,23,single
car,5,2.41,13,2,26,20,married
car,1,2.02,1,1,27,24,single
bus,3,2.12,4,1,26,30,single
car,2,2.06,3,1,29,22,married
car,10,2.48,21,2,26,17,single
bus,21,3.26,29,3,29,24,married
car,2,2.1,5,1,26,22,single
car,20,3.08,42,3,27,33,single
car,11,2.73,19,2,24,21,single
bus,2,2.09,3,1,24,21,married
car,1,2.02,2,1,28,28,married
car,12,2.61,27,2,26,24,married
bus,3,2.09,4,1,28,20,married
bus,3,2.1,6,1,29,25,single
bus,14,3.13,18,3,25,25,married
bus,4,2.21,9,1,29,26,single
car,5,2.24,11,2,24,25,single
bus,2,2.07,3,1,29,19,married
car,5,2.3,6,2,26,27,single
bus,3,2.11,3,1,26,25,single
bus,21,3.15,35,3,25,24,single
car,18,3.13,44,3,25,27,single
car,5,2.27,10,2,26,27,single
car,1,2.05,2,1,27,28,single
car,18,3.42,32,3,31,22,married
bus,21,3.87,26,3,27,33,single
bus,3,2.18,7,1,31,23,married
bus,2,2.06,3,1,28,27,single
car,5,2.23,9,2,30,22,married
car,13,2.83,16,3,27,27,married
car,24,3.36,38,3,26,33,married
car,1,2.04,2,1,25,21,single
bus,1,2.02,1,1,30,36,single
car,16,2.9,45,2,27,28,married
car,3,2.16,5,1,24,28,single
car,1,2.03,1,1,34,27,married
bus,1,2.04,2,1,27,23,married
car,4,2.18,6,2,32,29,single
bus,2,2.06,3,1,24,23,single
car,4,2.22,6,2,27,26,married
car,7,2.34,15,2,27,21,married
bus,1,2.04,2,1,25,21,married
bus,1,2.01,1,1,27,25,married
bus,1,2.03,2,1,27,19,married
bus,1,2.01,1,1,29,23,married
bus,1,2.02,1,1,28,29,married
bus,1,2.03,1,1,25,32,single
